Source_DC,SKU,Batch_ID,AvailableStock,ShelfLifeDays
DC_1,SKU_1,SKU_1_Batch_1,398,17
DC_1,SKU_1,SKU_1_Batch_2,156,10
DC_1,SKU_1,SKU_1_Batch_3,238,23
DC_1,SKU_1,SKU_1_Batch_4,152,28
DC_1,SKU_2,SKU_2_Batch_1,264,13
DC_1,SKU_2,SKU_2_Batch_2,137,23
DC_1,SKU_2,SKU_2_Batch_3,149,10
DC_1,SKU_3,SKU_3_Batch_1,199,23
DC_1,SKU_3,SKU_3_Batch_2,307,26
DC_1,SKU_3,SKU_3_Batch_3,463,8
DC_1,SKU_4,SKU_4_Batch_1,241,23
DC_1,SKU_4,SKU_4_Batch_2,210,14
DC_1,SKU_5,SKU_5_Batch_1,71,14
DC_1,SKU_5,SKU_5_Batch_2,394,19
DC_1,SKU_6,SKU_6_Batch_1,108,12
DC_1,SKU_6,SKU_6_Batch_2,237,18
DC_1,SKU_6,SKU_6_Batch_3,320,17
DC_1,SKU_7,SKU_7_Batch_1,413,25
DC_1,SKU_7,SKU_7_Batch_2,293,27
DC_1,SKU_7,SKU_7_Batch_3,180,7
DC_1,SKU_8,SKU_8_Batch_1,184,23
DC_1,SKU_8,SKU_8_Batch_2,378,9
DC_1,SKU_8,SKU_8_Batch_3,323,6
DC_1,SKU_9,SKU_9_Batch_1,365,16
DC_1,SKU_10,SKU_10_Batch_1,314,28
DC_1,SKU_10,SKU_10_Batch_2,102,4
DC_1,SKU_11,SKU_11_Batch_1,141,17
DC_1,SKU_11,SKU_11_Batch_2,493,9
DC_1,SKU_11,SKU_11_Batch_3,477,10
DC_1,SKU_11,SKU_11_Batch_4,480,5
DC_1,SKU_12,SKU_12_Batch_1,469,20
DC_1,SKU_13,SKU_13_Batch_1,51,8
DC_1,SKU_13,SKU_13_Batch_2,103,12
DC_1,SKU_13,SKU_13_Batch_3,309,24
DC_1,SKU_13,SKU_13_Batch_4,240,20
DC_1,SKU_14,SKU_14_Batch_1,93,4
DC_1,SKU_14,SKU_14_Batch_2,251,6
DC_1,SKU_15,SKU_15_Batch_1,239,10
DC_1,SKU_15,SKU_15_Batch_2,262,18
DC_1,SKU_15,SKU_15_Batch_3,286,20
DC_1,SKU_15,SKU_15_Batch_4,416,23
DC_1,SKU_16,SKU_16_Batch_1,266,15
DC_1,SKU_16,SKU_16_Batch_2,90,17
DC_1,SKU_17,SKU_17_Batch_1,114,27
DC_1,SKU_17,SKU_17_Batch_2,376,11
DC_1,SKU_17,SKU_17_Batch_3,393,3
DC_1,SKU_17,SKU_17_Batch_4,185,26
DC_1,SKU_17,SKU_17_Batch_5,112,13
DC_1,SKU_18,SKU_18_Batch_1,130,10
DC_1,SKU_18,SKU_18_Batch_2,212,5
DC_1,SKU_18,SKU_18_Batch_3,338,29
DC_1,SKU_19,SKU_19_Batch_1,280,28
DC_1,SKU_19,SKU_19_Batch_2,90,9
DC_1,SKU_19,SKU_19_Batch_3,250,10
DC_1,SKU_19,SKU_19_Batch_4,317,4
DC_1,SKU_19,SKU_19_Batch_5,82,18
DC_1,SKU_20,SKU_20_Batch_1,148,14
DC_1,SKU_20,SKU_20_Batch_2,409,24
DC_1,SKU_20,SKU_20_Batch_3,84,3
DC_1,SKU_20,SKU_20_Batch_4,276,7
DC_1,SKU_20,SKU_20_Batch_5,480,16
DC_1,SKU_21,SKU_21_Batch_1,306,7
DC_1,SKU_21,SKU_21_Batch_2,267,25
DC_1,SKU_21,SKU_21_Batch_3,304,16
DC_1,SKU_22,SKU_22_Batch_1,442,17
DC_1,SKU_22,SKU_22_Batch_2,64,28
DC_1,SKU_22,SKU_22_Batch_3,91,15
DC_1,SKU_23,SKU_23_Batch_1,112,9
DC_1,SKU_23,SKU_23_Batch_2,290,22
DC_1,SKU_23,SKU_23_Batch_3,145,6
DC_1,SKU_24,SKU_24_Batch_1,456,9
DC_1,SKU_24,SKU_24_Batch_2,286,17
DC_1,SKU_24,SKU_24_Batch_3,220,6
DC_1,SKU_24,SKU_24_Batch_4,62,9
DC_1,SKU_24,SKU_24_Batch_5,236,21
DC_1,SKU_25,SKU_25_Batch_1,115,12
DC_1,SKU_25,SKU_25_Batch_2,94,27
DC_1,SKU_25,SKU_25_Batch_3,183,14
DC_1,SKU_25,SKU_25_Batch_4,93,22
DC_1,SKU_26,SKU_26_Batch_1,177,28
DC_1,SKU_26,SKU_26_Batch_2,397,27
DC_1,SKU_26,SKU_26_Batch_3,280,3
DC_1,SKU_27,SKU_27_Batch_1,426,29
DC_1,SKU_28,SKU_28_Batch_1,165,15
DC_1,SKU_29,SKU_29_Batch_1,308,9
DC_1,SKU_30,SKU_30_Batch_1,186,7
DC_1,SKU_30,SKU_30_Batch_2,274,21
DC_1,SKU_30,SKU_30_Batch_3,283,14
DC_1,SKU_31,SKU_31_Batch_1,423,26
DC_1,SKU_31,SKU_31_Batch_2,282,22
DC_1,SKU_31,SKU_31_Batch_3,162,19
DC_1,SKU_32,SKU_32_Batch_1,101,14
DC_1,SKU_32,SKU_32_Batch_2,344,4
DC_1,SKU_33,SKU_33_Batch_1,162,7
DC_1,SKU_33,SKU_33_Batch_2,162,26
DC_1,SKU_33,SKU_33_Batch_3,130,29
DC_1,SKU_34,SKU_34_Batch_1,51,4
DC_1,SKU_35,SKU_35_Batch_1,103,25
DC_1,SKU_35,SKU_35_Batch_2,273,3
DC_1,SKU_35,SKU_35_Batch_3,434,21
DC_1,SKU_35,SKU_35_Batch_4,175,4
DC_1,SKU_36,SKU_36_Batch_1,221,28
DC_1,SKU_36,SKU_36_Batch_2,209,8
DC_1,SKU_36,SKU_36_Batch_3,465,25
DC_1,SKU_36,SKU_36_Batch_4,373,25
DC_1,SKU_36,SKU_36_Batch_5,252,26
DC_1,SKU_37,SKU_37_Batch_1,450,8
DC_1,SKU_37,SKU_37_Batch_2,329,7
DC_1,SKU_37,SKU_37_Batch_3,421,4
DC_1,SKU_38,SKU_38_Batch_1,289,18
DC_1,SKU_38,SKU_38_Batch_2,146,11
DC_1,SKU_38,SKU_38_Batch_3,173,29
DC_1,SKU_39,SKU_39_Batch_1,308,22
DC_1,SKU_39,SKU_39_Batch_2,301,29
DC_1,SKU_39,SKU_39_Batch_3,469,21
DC_1,SKU_39,SKU_39_Batch_4,395,5
DC_1,SKU_39,SKU_39_Batch_5,196,22
DC_1,SKU_40,SKU_40_Batch_1,466,10
DC_1,SKU_40,SKU_40_Batch_2,177,9
DC_1,SKU_40,SKU_40_Batch_3,387,10
DC_1,SKU_40,SKU_40_Batch_4,178,13
DC_1,SKU_41,SKU_41_Batch_1,490,27
DC_1,SKU_41,SKU_41_Batch_2,483,25
DC_1,SKU_41,SKU_41_Batch_3,464,12
DC_1,SKU_41,SKU_41_Batch_4,148,9
DC_1,SKU_42,SKU_42_Batch_1,193,28
DC_1,SKU_42,SKU_42_Batch_2,161,27
DC_1,SKU_42,SKU_42_Batch_3,109,19
DC_1,SKU_42,SKU_42_Batch_4,51,3
DC_1,SKU_43,SKU_43_Batch_1,86,29
DC_1,SKU_43,SKU_43_Batch_2,58,11
DC_1,SKU_43,SKU_43_Batch_3,148,21
DC_1,SKU_43,SKU_43_Batch_4,353,18
DC_1,SKU_44,SKU_44_Batch_1,453,26
DC_1,SKU_44,SKU_44_Batch_2,103,26
DC_1,SKU_44,SKU_44_Batch_3,210,26
DC_1,SKU_45,SKU_45_Batch_1,124,19
DC_1,SKU_45,SKU_45_Batch_2,469,8
DC_1,SKU_45,SKU_45_Batch_3,153,22
DC_1,SKU_45,SKU_45_Batch_4,303,5
DC_1,SKU_46,SKU_46_Batch_1,148,27
DC_1,SKU_47,SKU_47_Batch_1,451,16
DC_1,SKU_47,SKU_47_Batch_2,387,4
DC_1,SKU_47,SKU_47_Batch_3,359,5
DC_1,SKU_47,SKU_47_Batch_4,257,11
DC_1,SKU_47,SKU_47_Batch_5,210,6
DC_1,SKU_48,SKU_48_Batch_1,447,23
DC_1,SKU_49,SKU_49_Batch_1,433,10
DC_1,SKU_49,SKU_49_Batch_2,184,5
DC_1,SKU_49,SKU_49_Batch_3,450,3
DC_1,SKU_49,SKU_49_Batch_4,225,14
DC_1,SKU_50,SKU_50_Batch_1,420,24
DC_1,SKU_50,SKU_50_Batch_2,424,24
DC_1,SKU_50,SKU_50_Batch_3,287,8
DC_2,SKU_1,SKU_1_Batch_1,100,24
DC_2,SKU_1,SKU_1_Batch_2,313,29
DC_2,SKU_1,SKU_1_Batch_3,76,4
DC_2,SKU_1,SKU_1_Batch_4,326,3
DC_2,SKU_1,SKU_1_Batch_5,333,17
DC_2,SKU_2,SKU_2_Batch_1,366,18
DC_2,SKU_3,SKU_3_Batch_1,53,5
DC_2,SKU_3,SKU_3_Batch_2,241,19
DC_2,SKU_3,SKU_3_Batch_3,66,14
DC_2,SKU_4,SKU_4_Batch_1,207,16
DC_2,SKU_4,SKU_4_Batch_2,422,8
DC_2,SKU_4,SKU_4_Batch_3,148,11
DC_2,SKU_4,SKU_4_Batch_4,86,26
DC_2,SKU_5,SKU_5_Batch_1,351,23
DC_2,SKU_5,SKU_5_Batch_2,144,5
DC_2,SKU_5,SKU_5_Batch_3,237,3
DC_2,SKU_5,SKU_5_Batch_4,165,23
DC_2,SKU_5,SKU_5_Batch_5,465,25
DC_2,SKU_6,SKU_6_Batch_1,305,5
DC_2,SKU_7,SKU_7_Batch_1,330,12
DC_2,SKU_7,SKU_7_Batch_2,272,24
DC_2,SKU_8,SKU_8_Batch_1,372,10
DC_2,SKU_8,SKU_8_Batch_2,223,26
DC_2,SKU_9,SKU_9_Batch_1,337,17
DC_2,SKU_9,SKU_9_Batch_2,391,25
DC_2,SKU_10,SKU_10_Batch_1,176,29
DC_2,SKU_10,SKU_10_Batch_2,435,28
DC_2,SKU_11,SKU_11_Batch_1,153,3
DC_2,SKU_12,SKU_12_Batch_1,348,24
DC_2,SKU_13,SKU_13_Batch_1,219,25
DC_2,SKU_13,SKU_13_Batch_2,75,5
DC_2,SKU_13,SKU_13_Batch_3,355,27
DC_2,SKU_13,SKU_13_Batch_4,457,15
DC_2,SKU_13,SKU_13_Batch_5,365,28
DC_2,SKU_14,SKU_14_Batch_1,85,15
DC_2,SKU_15,SKU_15_Batch_1,370,10
DC_2,SKU_15,SKU_15_Batch_2,449,16
DC_2,SKU_15,SKU_15_Batch_3,420,25
DC_2,SKU_15,SKU_15_Batch_4,192,4
DC_2,SKU_16,SKU_16_Batch_1,337,25
DC_2,SKU_16,SKU_16_Batch_2,496,24
DC_2,SKU_17,SKU_17_Batch_1,202,28
DC_2,SKU_17,SKU_17_Batch_2,112,24
DC_2,SKU_17,SKU_17_Batch_3,363,28
DC_2,SKU_18,SKU_18_Batch_1,229,12
DC_2,SKU_19,SKU_19_Batch_1,493,7
DC_2,SKU_19,SKU_19_Batch_2,313,23
DC_2,SKU_19,SKU_19_Batch_3,109,14
DC_2,SKU_20,SKU_20_Batch_1,54,9
DC_2,SKU_20,SKU_20_Batch_2,245,8
DC_2,SKU_20,SKU_20_Batch_3,414,22
DC_2,SKU_20,SKU_20_Batch_4,399,17
DC_2,SKU_21,SKU_21_Batch_1,360,10
DC_2,SKU_21,SKU_21_Batch_2,357,18
DC_2,SKU_21,SKU_21_Batch_3,318,20
DC_2,SKU_22,SKU_22_Batch_1,155,21
DC_2,SKU_22,SKU_22_Batch_2,194,26
DC_2,SKU_22,SKU_22_Batch_3,368,21
DC_2,SKU_22,SKU_22_Batch_4,141,28
DC_2,SKU_23,SKU_23_Batch_1,278,28
DC_2,SKU_23,SKU_23_Batch_2,166,25
DC_2,SKU_24,SKU_24_Batch_1,445,23
DC_2,SKU_25,SKU_25_Batch_1,107,28
DC_2,SKU_26,SKU_26_Batch_1,288,4
DC_2,SKU_27,SKU_27_Batch_1,286,23
DC_2,SKU_28,SKU_28_Batch_1,321,9
DC_2,SKU_29,SKU_29_Batch_1,327,25
DC_2,SKU_29,SKU_29_Batch_2,125,28
DC_2,SKU_29,SKU_29_Batch_3,193,21
DC_2,SKU_29,SKU_29_Batch_4,135,27
DC_2,SKU_29,SKU_29_Batch_5,334,16
DC_2,SKU_30,SKU_30_Batch_1,118,17
DC_2,SKU_30,SKU_30_Batch_2,143,16
DC_2,SKU_30,SKU_30_Batch_3,495,22
DC_2,SKU_30,SKU_30_Batch_4,253,18
DC_2,SKU_31,SKU_31_Batch_1,481,23
DC_2,SKU_31,SKU_31_Batch_2,88,6
DC_2,SKU_32,SKU_32_Batch_1,303,7
DC_2,SKU_33,SKU_33_Batch_1,59,24
DC_2,SKU_33,SKU_33_Batch_2,374,6
DC_2,SKU_34,SKU_34_Batch_1,229,12
DC_2,SKU_34,SKU_34_Batch_2,299,21
DC_2,SKU_35,SKU_35_Batch_1,145,3
DC_2,SKU_35,SKU_35_Batch_2,374,15
DC_2,SKU_36,SKU_36_Batch_1,65,26
DC_2,SKU_36,SKU_36_Batch_2,385,25
DC_2,SKU_36,SKU_36_Batch_3,307,19
DC_2,SKU_36,SKU_36_Batch_4,433,29
DC_2,SKU_37,SKU_37_Batch_1,201,14
DC_2,SKU_37,SKU_37_Batch_2,227,5
DC_2,SKU_37,SKU_37_Batch_3,429,3
DC_2,SKU_37,SKU_37_Batch_4,466,21
DC_2,SKU_38,SKU_38_Batch_1,150,14
DC_2,SKU_38,SKU_38_Batch_2,372,3
DC_2,SKU_38,SKU_38_Batch_3,466,10
DC_2,SKU_39,SKU_39_Batch_1,92,14
DC_2,SKU_39,SKU_39_Batch_2,334,15
DC_2,SKU_40,SKU_40_Batch_1,144,16
DC_2,SKU_40,SKU_40_Batch_2,435,21
DC_2,SKU_40,SKU_40_Batch_3,291,5
DC_2,SKU_40,SKU_40_Batch_4,264,19
DC_2,SKU_41,SKU_41_Batch_1,313,28
DC_2,SKU_41,SKU_41_Batch_2,139,4
DC_2,SKU_42,SKU_42_Batch_1,154,9
DC_2,SKU_42,SKU_42_Batch_2,245,28
DC_2,SKU_42,SKU_42_Batch_3,163,15
DC_2,SKU_43,SKU_43_Batch_1,462,26
DC_2,SKU_43,SKU_43_Batch_2,469,27
DC_2,SKU_43,SKU_43_Batch_3,326,27
DC_2,SKU_44,SKU_44_Batch_1,443,7
DC_2,SKU_44,SKU_44_Batch_2,457,5
DC_2,SKU_44,SKU_44_Batch_3,226,5
DC_2,SKU_44,SKU_44_Batch_4,85,20
DC_2,SKU_45,SKU_45_Batch_1,145,26
DC_2,SKU_46,SKU_46_Batch_1,317,19
DC_2,SKU_46,SKU_46_Batch_2,232,15
DC_2,SKU_46,SKU_46_Batch_3,328,27
DC_2,SKU_46,SKU_46_Batch_4,404,11
DC_2,SKU_46,SKU_46_Batch_5,335,19
DC_2,SKU_47,SKU_47_Batch_1,111,22
DC_2,SKU_48,SKU_48_Batch_1,391,15
DC_2,SKU_49,SKU_49_Batch_1,68,19
DC_2,SKU_49,SKU_49_Batch_2,149,14
DC_2,SKU_49,SKU_49_Batch_3,494,11
DC_2,SKU_50,SKU_50_Batch_1,125,11
DC_2,SKU_50,SKU_50_Batch_2,333,16
DC_2,SKU_50,SKU_50_Batch_3,272,22
DC_3,SKU_1,SKU_1_Batch_1,416,18
DC_3,SKU_1,SKU_1_Batch_2,422,7
DC_3,SKU_1,SKU_1_Batch_3,148,14
DC_3,SKU_2,SKU_2_Batch_1,485,29
DC_3,SKU_3,SKU_3_Batch_1,102,25
DC_3,SKU_3,SKU_3_Batch_2,193,27
DC_3,SKU_3,SKU_3_Batch_3,88,15
DC_3,SKU_3,SKU_3_Batch_4,230,12
DC_3,SKU_3,SKU_3_Batch_5,235,9
DC_3,SKU_4,SKU_4_Batch_1,182,5
DC_3,SKU_4,SKU_4_Batch_2,264,13
DC_3,SKU_5,SKU_5_Batch_1,195,17
DC_3,SKU_5,SKU_5_Batch_2,125,11
DC_3,SKU_5,SKU_5_Batch_3,123,28
DC_3,SKU_6,SKU_6_Batch_1,450,8
DC_3,SKU_6,SKU_6_Batch_2,56,16
DC_3,SKU_6,SKU_6_Batch_3,190,10
DC_3,SKU_6,SKU_6_Batch_4,219,11
DC_3,SKU_7,SKU_7_Batch_1,332,28
DC_3,SKU_7,SKU_7_Batch_2,243,7
DC_3,SKU_8,SKU_8_Batch_1,214,8
DC_3,SKU_8,SKU_8_Batch_2,388,10
DC_3,SKU_8,SKU_8_Batch_3,414,3
DC_3,SKU_8,SKU_8_Batch_4,391,22
DC_3,SKU_8,SKU_8_Batch_5,194,9
DC_3,SKU_9,SKU_9_Batch_1,350,6
DC_3,SKU_10,SKU_10_Batch_1,119,21
DC_3,SKU_10,SKU_10_Batch_2,494,14
DC_3,SKU_10,SKU_10_Batch_3,231,9
DC_3,SKU_10,SKU_10_Batch_4,140,12
DC_3,SKU_11,SKU_11_Batch_1,68,9
DC_3,SKU_11,SKU_11_Batch_2,175,5
DC_3,SKU_12,SKU_12_Batch_1,190,20
DC_3,SKU_12,SKU_12_Batch_2,269,28
DC_3,SKU_12,SKU_12_Batch_3,197,10
DC_3,SKU_12,SKU_12_Batch_4,366,11
DC_3,SKU_12,SKU_12_Batch_5,472,3
DC_3,SKU_13,SKU_13_Batch_1,397,27
DC_3,SKU_13,SKU_13_Batch_2,240,19
DC_3,SKU_13,SKU_13_Batch_3,458,26
DC_3,SKU_14,SKU_14_Batch_1,471,23
DC_3,SKU_15,SKU_15_Batch_1,93,15
DC_3,SKU_15,SKU_15_Batch_2,209,15
DC_3,SKU_16,SKU_16_Batch_1,352,23
DC_3,SKU_16,SKU_16_Batch_2,129,24
DC_3,SKU_16,SKU_16_Batch_3,262,13
DC_3,SKU_16,SKU_16_Batch_4,301,7
DC_3,SKU_16,SKU_16_Batch_5,213,5
DC_3,SKU_17,SKU_17_Batch_1,69,27
DC_3,SKU_17,SKU_17_Batch_2,451,17
DC_3,SKU_17,SKU_17_Batch_3,282,19
DC_3,SKU_18,SKU_18_Batch_1,422,24
DC_3,SKU_19,SKU_19_Batch_1,193,25
DC_3,SKU_19,SKU_19_Batch_2,490,13
DC_3,SKU_19,SKU_19_Batch_3,61,12
DC_3,SKU_20,SKU_20_Batch_1,457,23
DC_3,SKU_20,SKU_20_Batch_2,57,28
DC_3,SKU_20,SKU_20_Batch_3,397,6
DC_3,SKU_20,SKU_20_Batch_4,139,10
DC_3,SKU_21,SKU_21_Batch_1,365,20
DC_3,SKU_21,SKU_21_Batch_2,77,7
DC_3,SKU_22,SKU_22_Batch_1,277,29
DC_3,SKU_23,SKU_23_Batch_1,250,3
DC_3,SKU_24,SKU_24_Batch_1,261,15
DC_3,SKU_24,SKU_24_Batch_2,269,18
DC_3,SKU_24,SKU_24_Batch_3,462,15
DC_3,SKU_24,SKU_24_Batch_4,95,5
DC_3,SKU_24,SKU_24_Batch_5,302,8
DC_3,SKU_25,SKU_25_Batch_1,420,7
DC_3,SKU_25,SKU_25_Batch_2,352,27
DC_3,SKU_26,SKU_26_Batch_1,59,26
DC_3,SKU_26,SKU_26_Batch_2,335,20
DC_3,SKU_27,SKU_27_Batch_1,414,7
DC_3,SKU_27,SKU_27_Batch_2,168,26
DC_3,SKU_27,SKU_27_Batch_3,338,24
DC_3,SKU_28,SKU_28_Batch_1,195,17
DC_3,SKU_29,SKU_29_Batch_1,316,23
DC_3,SKU_30,SKU_30_Batch_1,112,27
DC_3,SKU_30,SKU_30_Batch_2,391,29
DC_3,SKU_31,SKU_31_Batch_1,226,15
DC_3,SKU_31,SKU_31_Batch_2,466,4
DC_3,SKU_31,SKU_31_Batch_3,154,5
DC_3,SKU_32,SKU_32_Batch_1,454,18
DC_3,SKU_33,SKU_33_Batch_1,246,7
DC_3,SKU_33,SKU_33_Batch_2,407,5
DC_3,SKU_33,SKU_33_Batch_3,486,25
DC_3,SKU_33,SKU_33_Batch_4,102,7
DC_3,SKU_34,SKU_34_Batch_1,132,19
DC_3,SKU_34,SKU_34_Batch_2,134,16
DC_3,SKU_35,SKU_35_Batch_1,415,3
DC_3,SKU_36,SKU_36_Batch_1,222,15
DC_3,SKU_36,SKU_36_Batch_2,309,3
DC_3,SKU_36,SKU_36_Batch_3,418,10
DC_3,SKU_37,SKU_37_Batch_1,397,10
DC_3,SKU_37,SKU_37_Batch_2,88,28
DC_3,SKU_38,SKU_38_Batch_1,211,24
DC_3,SKU_38,SKU_38_Batch_2,167,5
DC_3,SKU_39,SKU_39_Batch_1,355,14
DC_3,SKU_39,SKU_39_Batch_2,498,24
DC_3,SKU_39,SKU_39_Batch_3,285,7
DC_3,SKU_40,SKU_40_Batch_1,362,19
DC_3,SKU_40,SKU_40_Batch_2,161,17
DC_3,SKU_40,SKU_40_Batch_3,456,17
DC_3,SKU_41,SKU_41_Batch_1,390,16
DC_3,SKU_41,SKU_41_Batch_2,115,13
DC_3,SKU_41,SKU_41_Batch_3,484,9
DC_3,SKU_41,SKU_41_Batch_4,471,4
DC_3,SKU_41,SKU_41_Batch_5,343,20
DC_3,SKU_42,SKU_42_Batch_1,387,17
DC_3,SKU_42,SKU_42_Batch_2,396,21
DC_3,SKU_43,SKU_43_Batch_1,357,27
DC_3,SKU_43,SKU_43_Batch_2,215,3
DC_3,SKU_44,SKU_44_Batch_1,79,25
DC_3,SKU_44,SKU_44_Batch_2,155,21
DC_3,SKU_44,SKU_44_Batch_3,130,7
DC_3,SKU_44,SKU_44_Batch_4,334,6
DC_3,SKU_45,SKU_45_Batch_1,233,19
DC_3,SKU_45,SKU_45_Batch_2,379,19
DC_3,SKU_46,SKU_46_Batch_1,389,26
DC_3,SKU_46,SKU_46_Batch_2,118,4
DC_3,SKU_46,SKU_46_Batch_3,311,23
DC_3,SKU_46,SKU_46_Batch_4,499,15
DC_3,SKU_47,SKU_47_Batch_1,92,18
DC_3,SKU_47,SKU_47_Batch_2,420,17
DC_3,SKU_47,SKU_47_Batch_3,298,25
DC_3,SKU_48,SKU_48_Batch_1,423,18
DC_3,SKU_48,SKU_48_Batch_2,57,6
DC_3,SKU_48,SKU_48_Batch_3,409,6
DC_3,SKU_49,SKU_49_Batch_1,244,5
DC_3,SKU_50,SKU_50_Batch_1,142,20
DC_3,SKU_50,SKU_50_Batch_2,110,28
DC_3,SKU_50,SKU_50_Batch_3,100,21
DC_4,SKU_1,SKU_1_Batch_1,54,20
DC_4,SKU_1,SKU_1_Batch_2,141,12
DC_4,SKU_1,SKU_1_Batch_3,366,24
DC_4,SKU_1,SKU_1_Batch_4,454,8
DC_4,SKU_1,SKU_1_Batch_5,50,7
DC_4,SKU_2,SKU_2_Batch_1,61,28
DC_4,SKU_3,SKU_3_Batch_1,482,16
DC_4,SKU_3,SKU_3_Batch_2,267,15
DC_4,SKU_4,SKU_4_Batch_1,122,28
DC_4,SKU_4,SKU_4_Batch_2,298,17
DC_4,SKU_4,SKU_4_Batch_3,170,24
DC_4,SKU_5,SKU_5_Batch_1,368,18
DC_4,SKU_5,SKU_5_Batch_2,110,19
DC_4,SKU_5,SKU_5_Batch_3,75,6
DC_4,SKU_6,SKU_6_Batch_1,57,19
DC_4,SKU_7,SKU_7_Batch_1,302,22
DC_4,SKU_7,SKU_7_Batch_2,256,17
DC_4,SKU_7,SKU_7_Batch_3,176,26
DC_4,SKU_8,SKU_8_Batch_1,77,25
DC_4,SKU_8,SKU_8_Batch_2,127,26
DC_4,SKU_9,SKU_9_Batch_1,414,28
DC_4,SKU_9,SKU_9_Batch_2,63,29
DC_4,SKU_10,SKU_10_Batch_1,56,5
DC_4,SKU_10,SKU_10_Batch_2,160,25
DC_4,SKU_10,SKU_10_Batch_3,287,13
DC_4,SKU_11,SKU_11_Batch_1,323,28
DC_4,SKU_11,SKU_11_Batch_2,343,5
DC_4,SKU_11,SKU_11_Batch_3,420,17
DC_4,SKU_11,SKU_11_Batch_4,241,27
DC_4,SKU_12,SKU_12_Batch_1,77,12
DC_4,SKU_12,SKU_12_Batch_2,88,27
DC_4,SKU_12,SKU_12_Batch_3,322,9
DC_4,SKU_12,SKU_12_Batch_4,135,28
DC_4,SKU_12,SKU_12_Batch_5,175,14
DC_4,SKU_13,SKU_13_Batch_1,194,15
DC_4,SKU_14,SKU_14_Batch_1,74,6
DC_4,SKU_14,SKU_14_Batch_2,443,5
DC_4,SKU_14,SKU_14_Batch_3,282,15
DC_4,SKU_14,SKU_14_Batch_4,195,17
DC_4,SKU_15,SKU_15_Batch_1,160,24
DC_4,SKU_15,SKU_15_Batch_2,83,17
DC_4,SKU_15,SKU_15_Batch_3,313,10
DC_4,SKU_15,SKU_15_Batch_4,418,14
DC_4,SKU_16,SKU_16_Batch_1,91,11
DC_4,SKU_16,SKU_16_Batch_2,150,8
DC_4,SKU_16,SKU_16_Batch_3,229,28
DC_4,SKU_17,SKU_17_Batch_1,492,26
DC_4,SKU_17,SKU_17_Batch_2,364,15
DC_4,SKU_18,SKU_18_Batch_1,426,3
DC_4,SKU_18,SKU_18_Batch_2,486,24
DC_4,SKU_18,SKU_18_Batch_3,326,8
DC_4,SKU_18,SKU_18_Batch_4,119,25
DC_4,SKU_18,SKU_18_Batch_5,161,6
DC_4,SKU_19,SKU_19_Batch_1,495,26
DC_4,SKU_19,SKU_19_Batch_2,360,11
DC_4,SKU_19,SKU_19_Batch_3,296,5
DC_4,SKU_20,SKU_20_Batch_1,80,10
DC_4,SKU_20,SKU_20_Batch_2,278,6
DC_4,SKU_20,SKU_20_Batch_3,457,8
DC_4,SKU_21,SKU_21_Batch_1,269,13
DC_4,SKU_21,SKU_21_Batch_2,53,17
DC_4,SKU_22,SKU_22_Batch_1,143,26
DC_4,SKU_23,SKU_23_Batch_1,111,27
DC_4,SKU_23,SKU_23_Batch_2,243,17
DC_4,SKU_23,SKU_23_Batch_3,252,10
DC_4,SKU_24,SKU_24_Batch_1,484,15
DC_4,SKU_24,SKU_24_Batch_2,349,7
DC_4,SKU_25,SKU_25_Batch_1,167,6
DC_4,SKU_25,SKU_25_Batch_2,324,22
DC_4,SKU_26,SKU_26_Batch_1,69,19
DC_4,SKU_27,SKU_27_Batch_1,96,3
DC_4,SKU_27,SKU_27_Batch_2,139,16
DC_4,SKU_27,SKU_27_Batch_3,369,8
DC_4,SKU_27,SKU_27_Batch_4,342,13
DC_4,SKU_28,SKU_28_Batch_1,382,13
DC_4,SKU_28,SKU_28_Batch_2,308,3
DC_4,SKU_28,SKU_28_Batch_3,439,20
DC_4,SKU_28,SKU_28_Batch_4,59,7
DC_4,SKU_29,SKU_29_Batch_1,221,4
DC_4,SKU_29,SKU_29_Batch_2,62,10
DC_4,SKU_30,SKU_30_Batch_1,133,3
DC_4,SKU_30,SKU_30_Batch_2,368,7
DC_4,SKU_31,SKU_31_Batch_1,322,11
DC_4,SKU_32,SKU_32_Batch_1,448,26
DC_4,SKU_32,SKU_32_Batch_2,87,25
DC_4,SKU_32,SKU_32_Batch_3,468,19
DC_4,SKU_33,SKU_33_Batch_1,367,14
DC_4,SKU_33,SKU_33_Batch_2,483,16
DC_4,SKU_33,SKU_33_Batch_3,422,26
DC_4,SKU_33,SKU_33_Batch_4,186,4
DC_4,SKU_33,SKU_33_Batch_5,125,5
DC_4,SKU_34,SKU_34_Batch_1,50,10
DC_4,SKU_34,SKU_34_Batch_2,369,24
DC_4,SKU_34,SKU_34_Batch_3,109,10
DC_4,SKU_35,SKU_35_Batch_1,410,7
DC_4,SKU_35,SKU_35_Batch_2,319,5
DC_4,SKU_35,SKU_35_Batch_3,262,7
DC_4,SKU_36,SKU_36_Batch_1,388,29
DC_4,SKU_36,SKU_36_Batch_2,127,28
DC_4,SKU_36,SKU_36_Batch_3,111,6
DC_4,SKU_36,SKU_36_Batch_4,138,15
DC_4,SKU_36,SKU_36_Batch_5,91,27
DC_4,SKU_37,SKU_37_Batch_1,345,10
DC_4,SKU_37,SKU_37_Batch_2,344,10
DC_4,SKU_38,SKU_38_Batch_1,174,8
DC_4,SKU_38,SKU_38_Batch_2,402,25
DC_4,SKU_38,SKU_38_Batch_3,112,17
DC_4,SKU_39,SKU_39_Batch_1,202,19
DC_4,SKU_40,SKU_40_Batch_1,499,16
DC_4,SKU_41,SKU_41_Batch_1,153,10
DC_4,SKU_41,SKU_41_Batch_2,484,9
DC_4,SKU_41,SKU_41_Batch_3,484,8
DC_4,SKU_41,SKU_41_Batch_4,183,5
DC_4,SKU_41,SKU_41_Batch_5,440,21
DC_4,SKU_42,SKU_42_Batch_1,497,22
DC_4,SKU_42,SKU_42_Batch_2,64,17
DC_4,SKU_43,SKU_43_Batch_1,338,22
DC_4,SKU_43,SKU_43_Batch_2,280,29
DC_4,SKU_43,SKU_43_Batch_3,469,8
DC_4,SKU_43,SKU_43_Batch_4,490,3
DC_4,SKU_43,SKU_43_Batch_5,460,25
DC_4,SKU_44,SKU_44_Batch_1,303,6
DC_4,SKU_45,SKU_45_Batch_1,59,7
DC_4,SKU_45,SKU_45_Batch_2,172,12
DC_4,SKU_46,SKU_46_Batch_1,167,8
DC_4,SKU_47,SKU_47_Batch_1,208,17
DC_4,SKU_47,SKU_47_Batch_2,277,15
DC_4,SKU_47,SKU_47_Batch_3,265,22
DC_4,SKU_47,SKU_47_Batch_4,233,17
DC_4,SKU_47,SKU_47_Batch_5,206,10
DC_4,SKU_48,SKU_48_Batch_1,206,17
DC_4,SKU_48,SKU_48_Batch_2,373,14
DC_4,SKU_48,SKU_48_Batch_3,222,4
DC_4,SKU_48,SKU_48_Batch_4,460,21
DC_4,SKU_48,SKU_48_Batch_5,292,6
DC_4,SKU_49,SKU_49_Batch_1,331,13
DC_4,SKU_49,SKU_49_Batch_2,332,7
DC_4,SKU_49,SKU_49_Batch_3,197,13
DC_4,SKU_49,SKU_49_Batch_4,303,12
DC_4,SKU_50,SKU_50_Batch_1,351,13
DC_4,SKU_50,SKU_50_Batch_2,445,28
DC_5,SKU_1,SKU_1_Batch_1,153,20
DC_5,SKU_1,SKU_1_Batch_2,160,10
DC_5,SKU_1,SKU_1_Batch_3,365,13
DC_5,SKU_1,SKU_1_Batch_4,405,18
DC_5,SKU_1,SKU_1_Batch_5,373,7
DC_5,SKU_2,SKU_2_Batch_1,377,12
DC_5,SKU_2,SKU_2_Batch_2,141,28
DC_5,SKU_2,SKU_2_Batch_3,442,24
DC_5,SKU_2,SKU_2_Batch_4,100,16
DC_5,SKU_2,SKU_2_Batch_5,345,11
DC_5,SKU_3,SKU_3_Batch_1,456,3
DC_5,SKU_3,SKU_3_Batch_2,351,7
DC_5,SKU_3,SKU_3_Batch_3,454,28
DC_5,SKU_4,SKU_4_Batch_1,231,25
DC_5,SKU_4,SKU_4_Batch_2,362,3
DC_5,SKU_4,SKU_4_Batch_3,368,24
DC_5,SKU_4,SKU_4_Batch_4,104,21
DC_5,SKU_5,SKU_5_Batch_1,480,11
DC_5,SKU_5,SKU_5_Batch_2,358,11
DC_5,SKU_5,SKU_5_Batch_3,251,22
DC_5,SKU_5,SKU_5_Batch_4,362,23
DC_5,SKU_5,SKU_5_Batch_5,203,11
DC_5,SKU_6,SKU_6_Batch_1,112,22
DC_5,SKU_6,SKU_6_Batch_2,74,28
DC_5,SKU_6,SKU_6_Batch_3,124,8
DC_5,SKU_7,SKU_7_Batch_1,440,20
DC_5,SKU_7,SKU_7_Batch_2,467,29
DC_5,SKU_8,SKU_8_Batch_1,177,13
DC_5,SKU_9,SKU_9_Batch_1,413,29
DC_5,SKU_9,SKU_9_Batch_2,228,24
DC_5,SKU_9,SKU_9_Batch_3,201,27
DC_5,SKU_10,SKU_10_Batch_1,247,23
DC_5,SKU_10,SKU_10_Batch_2,393,3
DC_5,SKU_10,SKU_10_Batch_3,226,13
DC_5,SKU_10,SKU_10_Batch_4,199,28
DC_5,SKU_11,SKU_11_Batch_1,419,23
DC_5,SKU_11,SKU_11_Batch_2,98,9
DC_5,SKU_11,SKU_11_Batch_3,386,22
DC_5,SKU_11,SKU_11_Batch_4,410,19
DC_5,SKU_12,SKU_12_Batch_1,167,24
DC_5,SKU_12,SKU_12_Batch_2,112,10
DC_5,SKU_12,SKU_12_Batch_3,98,9
DC_5,SKU_12,SKU_12_Batch_4,306,15
DC_5,SKU_13,SKU_13_Batch_1,428,26
DC_5,SKU_13,SKU_13_Batch_2,260,19
DC_5,SKU_13,SKU_13_Batch_3,478,18
DC_5,SKU_14,SKU_14_Batch_1,67,3
DC_5,SKU_14,SKU_14_Batch_2,127,21
DC_5,SKU_14,SKU_14_Batch_3,224,20
DC_5,SKU_15,SKU_15_Batch_1,162,20
DC_5,SKU_15,SKU_15_Batch_2,271,8
DC_5,SKU_16,SKU_16_Batch_1,368,6
DC_5,SKU_16,SKU_16_Batch_2,434,10
DC_5,SKU_16,SKU_16_Batch_3,462,25
DC_5,SKU_17,SKU_17_Batch_1,337,12
DC_5,SKU_17,SKU_17_Batch_2,415,4
DC_5,SKU_17,SKU_17_Batch_3,429,3
DC_5,SKU_18,SKU_18_Batch_1,337,20
DC_5,SKU_18,SKU_18_Batch_2,440,10
DC_5,SKU_18,SKU_18_Batch_3,370,27
DC_5,SKU_18,SKU_18_Batch_4,296,5
DC_5,SKU_19,SKU_19_Batch_1,304,10
DC_5,SKU_19,SKU_19_Batch_2,103,27
DC_5,SKU_19,SKU_19_Batch_3,288,7
DC_5,SKU_20,SKU_20_Batch_1,100,3
DC_5,SKU_20,SKU_20_Batch_2,141,17
DC_5,SKU_20,SKU_20_Batch_3,313,4
DC_5,SKU_21,SKU_21_Batch_1,145,26
DC_5,SKU_21,SKU_21_Batch_2,127,26
DC_5,SKU_21,SKU_21_Batch_3,351,13
DC_5,SKU_22,SKU_22_Batch_1,214,24
DC_5,SKU_22,SKU_22_Batch_2,447,25
DC_5,SKU_22,SKU_22_Batch_3,481,20
DC_5,SKU_22,SKU_22_Batch_4,56,12
DC_5,SKU_23,SKU_23_Batch_1,200,23
DC_5,SKU_24,SKU_24_Batch_1,161,21
DC_5,SKU_24,SKU_24_Batch_2,85,20
DC_5,SKU_24,SKU_24_Batch_3,51,3
DC_5,SKU_25,SKU_25_Batch_1,453,13
DC_5,SKU_25,SKU_25_Batch_2,283,4
DC_5,SKU_25,SKU_25_Batch_3,244,25
DC_5,SKU_25,SKU_25_Batch_4,168,14
DC_5,SKU_25,SKU_25_Batch_5,69,7
DC_5,SKU_26,SKU_26_Batch_1,471,11
DC_5,SKU_26,SKU_26_Batch_2,275,23
DC_5,SKU_26,SKU_26_Batch_3,477,5
DC_5,SKU_26,SKU_26_Batch_4,391,14
DC_5,SKU_26,SKU_26_Batch_5,329,19
DC_5,SKU_27,SKU_27_Batch_1,207,26
DC_5,SKU_27,SKU_27_Batch_2,108,16
DC_5,SKU_28,SKU_28_Batch_1,419,21
DC_5,SKU_29,SKU_29_Batch_1,63,11
DC_5,SKU_30,SKU_30_Batch_1,286,27
DC_5,SKU_30,SKU_30_Batch_2,408,11
DC_5,SKU_31,SKU_31_Batch_1,53,28
DC_5,SKU_31,SKU_31_Batch_2,491,15
DC_5,SKU_31,SKU_31_Batch_3,147,25
DC_5,SKU_32,SKU_32_Batch_1,124,8
DC_5,SKU_32,SKU_32_Batch_2,195,23
DC_5,SKU_32,SKU_32_Batch_3,91,6
DC_5,SKU_32,SKU_32_Batch_4,90,8
DC_5,SKU_32,SKU_32_Batch_5,83,19
DC_5,SKU_33,SKU_33_Batch_1,202,8
DC_5,SKU_33,SKU_33_Batch_2,427,14
DC_5,SKU_33,SKU_33_Batch_3,136,23
DC_5,SKU_33,SKU_33_Batch_4,411,24
DC_5,SKU_33,SKU_33_Batch_5,76,27
DC_5,SKU_34,SKU_34_Batch_1,217,4
DC_5,SKU_34,SKU_34_Batch_2,317,15
DC_5,SKU_34,SKU_34_Batch_3,358,9
DC_5,SKU_35,SKU_35_Batch_1,222,19
DC_5,SKU_35,SKU_35_Batch_2,459,23
DC_5,SKU_36,SKU_36_Batch_1,239,28
DC_5,SKU_36,SKU_36_Batch_2,95,4
DC_5,SKU_36,SKU_36_Batch_3,359,13
DC_5,SKU_36,SKU_36_Batch_4,242,21
DC_5,SKU_37,SKU_37_Batch_1,341,21
DC_5,SKU_37,SKU_37_Batch_2,331,23
DC_5,SKU_37,SKU_37_Batch_3,316,10
DC_5,SKU_37,SKU_37_Batch_4,60,6
DC_5,SKU_37,SKU_37_Batch_5,162,29
DC_5,SKU_38,SKU_38_Batch_1,359,4
DC_5,SKU_38,SKU_38_Batch_2,104,17
DC_5,SKU_38,SKU_38_Batch_3,201,24
DC_5,SKU_39,SKU_39_Batch_1,361,3
DC_5,SKU_39,SKU_39_Batch_2,299,6
DC_5,SKU_39,SKU_39_Batch_3,288,22
DC_5,SKU_39,SKU_39_Batch_4,276,22
DC_5,SKU_39,SKU_39_Batch_5,386,29
DC_5,SKU_40,SKU_40_Batch_1,250,28
DC_5,SKU_40,SKU_40_Batch_2,499,23
DC_5,SKU_40,SKU_40_Batch_3,122,11
DC_5,SKU_40,SKU_40_Batch_4,345,19
DC_5,SKU_40,SKU_40_Batch_5,178,27
DC_5,SKU_41,SKU_41_Batch_1,476,10
DC_5,SKU_41,SKU_41_Batch_2,91,27
DC_5,SKU_41,SKU_41_Batch_3,88,5
DC_5,SKU_41,SKU_41_Batch_4,180,20
DC_5,SKU_41,SKU_41_Batch_5,278,14
DC_5,SKU_42,SKU_42_Batch_1,484,8
DC_5,SKU_42,SKU_42_Batch_2,403,14
DC_5,SKU_42,SKU_42_Batch_3,324,7
DC_5,SKU_42,SKU_42_Batch_4,93,29
DC_5,SKU_43,SKU_43_Batch_1,354,19
DC_5,SKU_43,SKU_43_Batch_2,379,27
DC_5,SKU_43,SKU_43_Batch_3,360,19
DC_5,SKU_44,SKU_44_Batch_1,367,18
DC_5,SKU_44,SKU_44_Batch_2,265,21
DC_5,SKU_44,SKU_44_Batch_3,313,23
DC_5,SKU_44,SKU_44_Batch_4,130,25
DC_5,SKU_45,SKU_45_Batch_1,423,18
DC_5,SKU_45,SKU_45_Batch_2,247,10
DC_5,SKU_45,SKU_45_Batch_3,74,20
DC_5,SKU_45,SKU_45_Batch_4,138,14
DC_5,SKU_45,SKU_45_Batch_5,192,29
DC_5,SKU_46,SKU_46_Batch_1,414,28
DC_5,SKU_46,SKU_46_Batch_2,96,12
DC_5,SKU_47,SKU_47_Batch_1,456,28
DC_5,SKU_48,SKU_48_Batch_1,135,28
DC_5,SKU_48,SKU_48_Batch_2,440,16
DC_5,SKU_48,SKU_48_Batch_3,384,23
DC_5,SKU_48,SKU_48_Batch_4,56,11
DC_5,SKU_48,SKU_48_Batch_5,420,18
DC_5,SKU_49,SKU_49_Batch_1,364,25
DC_5,SKU_49,SKU_49_Batch_2,131,22
DC_5,SKU_50,SKU_50_Batch_1,451,29
DC_5,SKU_50,SKU_50_Batch_2,152,19
DC_5,SKU_50,SKU_50_Batch_3,63,26
DC_6,SKU_1,SKU_1_Batch_1,157,15
DC_6,SKU_1,SKU_1_Batch_2,147,5
DC_6,SKU_1,SKU_1_Batch_3,342,13
DC_6,SKU_2,SKU_2_Batch_1,232,25
DC_6,SKU_2,SKU_2_Batch_2,413,9
DC_6,SKU_3,SKU_3_Batch_1,53,24
DC_6,SKU_4,SKU_4_Batch_1,446,20
DC_6,SKU_5,SKU_5_Batch_1,65,15
DC_6,SKU_6,SKU_6_Batch_1,157,4
DC_6,SKU_6,SKU_6_Batch_2,360,5
DC_6,SKU_7,SKU_7_Batch_1,83,29
DC_6,SKU_7,SKU_7_Batch_2,296,15
DC_6,SKU_8,SKU_8_Batch_1,323,5
DC_6,SKU_8,SKU_8_Batch_2,428,9
DC_6,SKU_8,SKU_8_Batch_3,351,22
DC_6,SKU_8,SKU_8_Batch_4,78,19
DC_6,SKU_8,SKU_8_Batch_5,367,23
DC_6,SKU_9,SKU_9_Batch_1,234,18
DC_6,SKU_9,SKU_9_Batch_2,489,14
DC_6,SKU_9,SKU_9_Batch_3,288,27
DC_6,SKU_9,SKU_9_Batch_4,315,27
DC_6,SKU_10,SKU_10_Batch_1,438,3
DC_6,SKU_10,SKU_10_Batch_2,226,5
DC_6,SKU_10,SKU_10_Batch_3,478,16
DC_6,SKU_10,SKU_10_Batch_4,425,20
DC_6,SKU_11,SKU_11_Batch_1,195,7
DC_6,SKU_11,SKU_11_Batch_2,202,18
DC_6,SKU_11,SKU_11_Batch_3,242,23
DC_6,SKU_11,SKU_11_Batch_4,122,17
DC_6,SKU_12,SKU_12_Batch_1,426,26
DC_6,SKU_13,SKU_13_Batch_1,189,29
DC_6,SKU_13,SKU_13_Batch_2,342,7
DC_6,SKU_13,SKU_13_Batch_3,476,8
DC_6,SKU_13,SKU_13_Batch_4,344,26
DC_6,SKU_14,SKU_14_Batch_1,111,15
DC_6,SKU_14,SKU_14_Batch_2,275,27
DC_6,SKU_14,SKU_14_Batch_3,248,22
DC_6,SKU_15,SKU_15_Batch_1,108,10
DC_6,SKU_15,SKU_15_Batch_2,197,24
DC_6,SKU_15,SKU_15_Batch_3,422,21
DC_6,SKU_15,SKU_15_Batch_4,415,12
DC_6,SKU_16,SKU_16_Batch_1,275,27
DC_6,SKU_16,SKU_16_Batch_2,267,11
DC_6,SKU_16,SKU_16_Batch_3,290,28
DC_6,SKU_17,SKU_17_Batch_1,425,8
DC_6,SKU_17,SKU_17_Batch_2,54,7
DC_6,SKU_17,SKU_17_Batch_3,103,17
DC_6,SKU_18,SKU_18_Batch_1,58,5
DC_6,SKU_19,SKU_19_Batch_1,427,19
DC_6,SKU_19,SKU_19_Batch_2,110,29
DC_6,SKU_19,SKU_19_Batch_3,468,20
DC_6,SKU_19,SKU_19_Batch_4,387,19
DC_6,SKU_20,SKU_20_Batch_1,209,5
DC_6,SKU_20,SKU_20_Batch_2,318,26
DC_6,SKU_20,SKU_20_Batch_3,430,17
DC_6,SKU_21,SKU_21_Batch_1,378,6
DC_6,SKU_22,SKU_22_Batch_1,147,13
DC_6,SKU_22,SKU_22_Batch_2,154,26
DC_6,SKU_22,SKU_22_Batch_3,372,29
DC_6,SKU_22,SKU_22_Batch_4,78,11
DC_6,SKU_22,SKU_22_Batch_5,244,27
DC_6,SKU_23,SKU_23_Batch_1,381,12
DC_6,SKU_23,SKU_23_Batch_2,58,17
DC_6,SKU_24,SKU_24_Batch_1,310,13
DC_6,SKU_25,SKU_25_Batch_1,275,26
DC_6,SKU_25,SKU_25_Batch_2,173,17
DC_6,SKU_25,SKU_25_Batch_3,87,10
DC_6,SKU_26,SKU_26_Batch_1,438,18
DC_6,SKU_26,SKU_26_Batch_2,139,20
DC_6,SKU_26,SKU_26_Batch_3,86,18
DC_6,SKU_27,SKU_27_Batch_1,333,7
DC_6,SKU_27,SKU_27_Batch_2,130,20
DC_6,SKU_27,SKU_27_Batch_3,89,15
DC_6,SKU_27,SKU_27_Batch_4,273,21
DC_6,SKU_27,SKU_27_Batch_5,235,5
DC_6,SKU_28,SKU_28_Batch_1,89,29
DC_6,SKU_28,SKU_28_Batch_2,286,3
DC_6,SKU_29,SKU_29_Batch_1,385,10
DC_6,SKU_29,SKU_29_Batch_2,141,3
DC_6,SKU_29,SKU_29_Batch_3,108,29
DC_6,SKU_30,SKU_30_Batch_1,318,13
DC_6,SKU_31,SKU_31_Batch_1,394,23
DC_6,SKU_31,SKU_31_Batch_2,219,6
DC_6,SKU_31,SKU_31_Batch_3,240,29
DC_6,SKU_31,SKU_31_Batch_4,471,9
DC_6,SKU_31,SKU_31_Batch_5,182,13
DC_6,SKU_32,SKU_32_Batch_1,363,27
DC_6,SKU_32,SKU_32_Batch_2,80,25
DC_6,SKU_32,SKU_32_Batch_3,475,12
DC_6,SKU_32,SKU_32_Batch_4,209,13
DC_6,SKU_32,SKU_32_Batch_5,486,9
DC_6,SKU_33,SKU_33_Batch_1,405,4
DC_6,SKU_33,SKU_33_Batch_2,255,15
DC_6,SKU_34,SKU_34_Batch_1,61,9
DC_6,SKU_34,SKU_34_Batch_2,499,15
DC_6,SKU_34,SKU_34_Batch_3,95,29
DC_6,SKU_34,SKU_34_Batch_4,162,11
DC_6,SKU_34,SKU_34_Batch_5,66,10
DC_6,SKU_35,SKU_35_Batch_1,237,26
DC_6,SKU_35,SKU_35_Batch_2,414,5
DC_6,SKU_36,SKU_36_Batch_1,463,9
DC_6,SKU_36,SKU_36_Batch_2,123,11
DC_6,SKU_36,SKU_36_Batch_3,273,4
DC_6,SKU_37,SKU_37_Batch_1,109,17
DC_6,SKU_37,SKU_37_Batch_2,271,7
DC_6,SKU_37,SKU_37_Batch_3,327,6
DC_6,SKU_37,SKU_37_Batch_4,453,6
DC_6,SKU_38,SKU_38_Batch_1,373,29
DC_6,SKU_38,SKU_38_Batch_2,241,19
DC_6,SKU_39,SKU_39_Batch_1,455,19
DC_6,SKU_39,SKU_39_Batch_2,443,24
DC_6,SKU_39,SKU_39_Batch_3,242,24
DC_6,SKU_39,SKU_39_Batch_4,169,29
DC_6,SKU_40,SKU_40_Batch_1,355,16
DC_6,SKU_40,SKU_40_Batch_2,241,17
DC_6,SKU_41,SKU_41_Batch_1,253,6
DC_6,SKU_41,SKU_41_Batch_2,300,5
DC_6,SKU_41,SKU_41_Batch_3,485,14
DC_6,SKU_41,SKU_41_Batch_4,56,13
DC_6,SKU_41,SKU_41_Batch_5,82,8
DC_6,SKU_42,SKU_42_Batch_1,107,25
DC_6,SKU_42,SKU_42_Batch_2,75,4
DC_6,SKU_42,SKU_42_Batch_3,479,4
DC_6,SKU_43,SKU_43_Batch_1,53,19
DC_6,SKU_43,SKU_43_Batch_2,148,15
DC_6,SKU_43,SKU_43_Batch_3,88,17
DC_6,SKU_43,SKU_43_Batch_4,424,13
DC_6,SKU_43,SKU_43_Batch_5,421,4
DC_6,SKU_44,SKU_44_Batch_1,71,13
DC_6,SKU_44,SKU_44_Batch_2,76,5
DC_6,SKU_44,SKU_44_Batch_3,386,14
DC_6,SKU_44,SKU_44_Batch_4,489,23
DC_6,SKU_45,SKU_45_Batch_1,492,22
DC_6,SKU_45,SKU_45_Batch_2,311,21
DC_6,SKU_45,SKU_45_Batch_3,490,7
DC_6,SKU_45,SKU_45_Batch_4,436,29
DC_6,SKU_45,SKU_45_Batch_5,306,28
DC_6,SKU_46,SKU_46_Batch_1,471,17
DC_6,SKU_46,SKU_46_Batch_2,211,5
DC_6,SKU_46,SKU_46_Batch_3,369,19
DC_6,SKU_46,SKU_46_Batch_4,330,26
DC_6,SKU_47,SKU_47_Batch_1,323,17
DC_6,SKU_47,SKU_47_Batch_2,257,29
DC_6,SKU_47,SKU_47_Batch_3,121,16
DC_6,SKU_47,SKU_47_Batch_4,194,23
DC_6,SKU_48,SKU_48_Batch_1,223,20
DC_6,SKU_48,SKU_48_Batch_2,248,5
DC_6,SKU_48,SKU_48_Batch_3,398,14
DC_6,SKU_49,SKU_49_Batch_1,73,28
DC_6,SKU_49,SKU_49_Batch_2,436,22
DC_6,SKU_49,SKU_49_Batch_3,95,17
DC_6,SKU_49,SKU_49_Batch_4,202,16
DC_6,SKU_49,SKU_49_Batch_5,322,14
DC_6,SKU_50,SKU_50_Batch_1,277,11
DC_6,SKU_50,SKU_50_Batch_2,215,18
DC_6,SKU_50,SKU_50_Batch_3,493,24
DC_6,SKU_50,SKU_50_Batch_4,166,4
DC_7,SKU_1,SKU_1_Batch_1,113,15
DC_7,SKU_1,SKU_1_Batch_2,258,10
DC_7,SKU_1,SKU_1_Batch_3,326,20
DC_7,SKU_2,SKU_2_Batch_1,415,17
DC_7,SKU_2,SKU_2_Batch_2,144,8
DC_7,SKU_3,SKU_3_Batch_1,350,27
DC_7,SKU_3,SKU_3_Batch_2,338,8
DC_7,SKU_3,SKU_3_Batch_3,474,10
DC_7,SKU_4,SKU_4_Batch_1,263,21
DC_7,SKU_4,SKU_4_Batch_2,137,11
DC_7,SKU_4,SKU_4_Batch_3,450,14
DC_7,SKU_5,SKU_5_Batch_1,95,17
DC_7,SKU_6,SKU_6_Batch_1,197,3
DC_7,SKU_6,SKU_6_Batch_2,251,10
DC_7,SKU_6,SKU_6_Batch_3,465,20
DC_7,SKU_6,SKU_6_Batch_4,402,4
DC_7,SKU_7,SKU_7_Batch_1,338,11
DC_7,SKU_8,SKU_8_Batch_1,463,3
DC_7,SKU_8,SKU_8_Batch_2,126,22
DC_7,SKU_8,SKU_8_Batch_3,203,24
DC_7,SKU_8,SKU_8_Batch_4,152,4
DC_7,SKU_8,SKU_8_Batch_5,215,9
DC_7,SKU_9,SKU_9_Batch_1,223,28
DC_7,SKU_9,SKU_9_Batch_2,192,4
DC_7,SKU_10,SKU_10_Batch_1,424,14
DC_7,SKU_10,SKU_10_Batch_2,354,10
DC_7,SKU_11,SKU_11_Batch_1,366,5
DC_7,SKU_11,SKU_11_Batch_2,172,8
DC_7,SKU_11,SKU_11_Batch_3,58,8
DC_7,SKU_12,SKU_12_Batch_1,408,11
DC_7,SKU_13,SKU_13_Batch_1,253,10
DC_7,SKU_13,SKU_13_Batch_2,377,20
DC_7,SKU_14,SKU_14_Batch_1,367,22
DC_7,SKU_14,SKU_14_Batch_2,367,17
DC_7,SKU_14,SKU_14_Batch_3,300,9
DC_7,SKU_14,SKU_14_Batch_4,133,18
DC_7,SKU_15,SKU_15_Batch_1,439,28
DC_7,SKU_15,SKU_15_Batch_2,71,28
DC_7,SKU_15,SKU_15_Batch_3,432,5
DC_7,SKU_15,SKU_15_Batch_4,176,11
DC_7,SKU_16,SKU_16_Batch_1,411,16
DC_7,SKU_16,SKU_16_Batch_2,61,25
DC_7,SKU_16,SKU_16_Batch_3,61,15
DC_7,SKU_16,SKU_16_Batch_4,74,15
DC_7,SKU_17,SKU_17_Batch_1,171,21
DC_7,SKU_17,SKU_17_Batch_2,104,16
DC_7,SKU_17,SKU_17_Batch_3,405,15
DC_7,SKU_18,SKU_18_Batch_1,168,23
DC_7,SKU_18,SKU_18_Batch_2,232,21
DC_7,SKU_18,SKU_18_Batch_3,349,20
DC_7,SKU_18,SKU_18_Batch_4,451,21
DC_7,SKU_18,SKU_18_Batch_5,199,7
DC_7,SKU_19,SKU_19_Batch_1,108,5
DC_7,SKU_20,SKU_20_Batch_1,251,21
DC_7,SKU_20,SKU_20_Batch_2,84,24
DC_7,SKU_20,SKU_20_Batch_3,496,17
DC_7,SKU_20,SKU_20_Batch_4,402,9
DC_7,SKU_21,SKU_21_Batch_1,354,23
DC_7,SKU_21,SKU_21_Batch_2,208,28
DC_7,SKU_21,SKU_21_Batch_3,494,26
DC_7,SKU_21,SKU_21_Batch_4,453,7
DC_7,SKU_22,SKU_22_Batch_1,269,14
DC_7,SKU_22,SKU_22_Batch_2,431,22
DC_7,SKU_22,SKU_22_Batch_3,493,26
DC_7,SKU_22,SKU_22_Batch_4,99,19
DC_7,SKU_23,SKU_23_Batch_1,145,11
DC_7,SKU_23,SKU_23_Batch_2,469,28
DC_7,SKU_23,SKU_23_Batch_3,166,4
DC_7,SKU_24,SKU_24_Batch_1,115,17
DC_7,SKU_24,SKU_24_Batch_2,467,6
DC_7,SKU_24,SKU_24_Batch_3,311,9
DC_7,SKU_24,SKU_24_Batch_4,475,21
DC_7,SKU_25,SKU_25_Batch_1,235,24
DC_7,SKU_25,SKU_25_Batch_2,174,14
DC_7,SKU_25,SKU_25_Batch_3,180,15
DC_7,SKU_26,SKU_26_Batch_1,89,23
DC_7,SKU_26,SKU_26_Batch_2,448,3
DC_7,SKU_27,SKU_27_Batch_1,331,10
DC_7,SKU_27,SKU_27_Batch_2,149,18
DC_7,SKU_27,SKU_27_Batch_3,136,12
DC_7,SKU_28,SKU_28_Batch_1,63,16
DC_7,SKU_28,SKU_28_Batch_2,51,25
DC_7,SKU_28,SKU_28_Batch_3,342,7
DC_7,SKU_28,SKU_28_Batch_4,471,15
DC_7,SKU_29,SKU_29_Batch_1,367,24
DC_7,SKU_30,SKU_30_Batch_1,430,17
DC_7,SKU_30,SKU_30_Batch_2,63,26
DC_7,SKU_30,SKU_30_Batch_3,280,27
DC_7,SKU_30,SKU_30_Batch_4,133,4
DC_7,SKU_31,SKU_31_Batch_1,428,27
DC_7,SKU_32,SKU_32_Batch_1,77,4
DC_7,SKU_33,SKU_33_Batch_1,278,7
DC_7,SKU_33,SKU_33_Batch_2,498,10
DC_7,SKU_33,SKU_33_Batch_3,489,6
DC_7,SKU_34,SKU_34_Batch_1,456,17
DC_7,SKU_34,SKU_34_Batch_2,336,13
DC_7,SKU_34,SKU_34_Batch_3,59,5
DC_7,SKU_34,SKU_34_Batch_4,167,16
DC_7,SKU_34,SKU_34_Batch_5,129,12
DC_7,SKU_35,SKU_35_Batch_1,315,14
DC_7,SKU_35,SKU_35_Batch_2,399,11
DC_7,SKU_35,SKU_35_Batch_3,306,7
DC_7,SKU_35,SKU_35_Batch_4,325,10
DC_7,SKU_35,SKU_35_Batch_5,220,14
DC_7,SKU_36,SKU_36_Batch_1,362,24
DC_7,SKU_37,SKU_37_Batch_1,333,27
DC_7,SKU_37,SKU_37_Batch_2,156,7
DC_7,SKU_37,SKU_37_Batch_3,224,7
DC_7,SKU_37,SKU_37_Batch_4,253,7
DC_7,SKU_38,SKU_38_Batch_1,169,14
DC_7,SKU_39,SKU_39_Batch_1,416,17
DC_7,SKU_39,SKU_39_Batch_2,439,14
DC_7,SKU_39,SKU_39_Batch_3,300,22
DC_7,SKU_39,SKU_39_Batch_4,419,16
DC_7,SKU_40,SKU_40_Batch_1,342,22
DC_7,SKU_40,SKU_40_Batch_2,331,3
DC_7,SKU_41,SKU_41_Batch_1,247,7
DC_7,SKU_41,SKU_41_Batch_2,294,29
DC_7,SKU_41,SKU_41_Batch_3,374,3
DC_7,SKU_42,SKU_42_Batch_1,228,16
DC_7,SKU_43,SKU_43_Batch_1,325,23
DC_7,SKU_43,SKU_43_Batch_2,291,26
DC_7,SKU_43,SKU_43_Batch_3,300,13
DC_7,SKU_43,SKU_43_Batch_4,175,4
DC_7,SKU_44,SKU_44_Batch_1,355,27
DC_7,SKU_45,SKU_45_Batch_1,227,25
DC_7,SKU_45,SKU_45_Batch_2,477,8
DC_7,SKU_45,SKU_45_Batch_3,389,25
DC_7,SKU_46,SKU_46_Batch_1,357,18
DC_7,SKU_46,SKU_46_Batch_2,483,12
DC_7,SKU_46,SKU_46_Batch_3,429,25
DC_7,SKU_46,SKU_46_Batch_4,57,20
DC_7,SKU_46,SKU_46_Batch_5,390,3
DC_7,SKU_47,SKU_47_Batch_1,401,8
DC_7,SKU_47,SKU_47_Batch_2,54,17
DC_7,SKU_47,SKU_47_Batch_3,135,17
DC_7,SKU_47,SKU_47_Batch_4,339,3
DC_7,SKU_47,SKU_47_Batch_5,360,25
DC_7,SKU_48,SKU_48_Batch_1,476,12
DC_7,SKU_48,SKU_48_Batch_2,463,20
DC_7,SKU_49,SKU_49_Batch_1,194,28
DC_7,SKU_49,SKU_49_Batch_2,185,17
DC_7,SKU_50,SKU_50_Batch_1,125,29
DC_8,SKU_1,SKU_1_Batch_1,351,6
DC_8,SKU_2,SKU_2_Batch_1,50,21
DC_8,SKU_3,SKU_3_Batch_1,353,7
DC_8,SKU_3,SKU_3_Batch_2,410,28
DC_8,SKU_3,SKU_3_Batch_3,495,4
DC_8,SKU_3,SKU_3_Batch_4,241,8
DC_8,SKU_3,SKU_3_Batch_5,112,11
DC_8,SKU_4,SKU_4_Batch_1,218,27
DC_8,SKU_5,SKU_5_Batch_1,122,23
DC_8,SKU_5,SKU_5_Batch_2,126,11
DC_8,SKU_5,SKU_5_Batch_3,373,4
DC_8,SKU_5,SKU_5_Batch_4,430,8
DC_8,SKU_5,SKU_5_Batch_5,181,8
DC_8,SKU_6,SKU_6_Batch_1,131,15
DC_8,SKU_6,SKU_6_Batch_2,328,21
DC_8,SKU_6,SKU_6_Batch_3,414,13
DC_8,SKU_7,SKU_7_Batch_1,393,24
DC_8,SKU_8,SKU_8_Batch_1,262,17
DC_8,SKU_9,SKU_9_Batch_1,125,28
DC_8,SKU_10,SKU_10_Batch_1,452,27
DC_8,SKU_10,SKU_10_Batch_2,466,19
DC_8,SKU_10,SKU_10_Batch_3,273,19
DC_8,SKU_10,SKU_10_Batch_4,340,14
DC_8,SKU_10,SKU_10_Batch_5,151,28
DC_8,SKU_11,SKU_11_Batch_1,404,10
DC_8,SKU_11,SKU_11_Batch_2,159,16
DC_8,SKU_11,SKU_11_Batch_3,379,4
DC_8,SKU_12,SKU_12_Batch_1,52,23
DC_8,SKU_13,SKU_13_Batch_1,377,18
DC_8,SKU_13,SKU_13_Batch_2,499,8
DC_8,SKU_14,SKU_14_Batch_1,166,28
DC_8,SKU_14,SKU_14_Batch_2,202,14
DC_8,SKU_14,SKU_14_Batch_3,182,4
DC_8,SKU_14,SKU_14_Batch_4,353,7
DC_8,SKU_15,SKU_15_Batch_1,277,17
DC_8,SKU_15,SKU_15_Batch_2,92,18
DC_8,SKU_15,SKU_15_Batch_3,392,8
DC_8,SKU_15,SKU_15_Batch_4,351,20
DC_8,SKU_16,SKU_16_Batch_1,428,13
DC_8,SKU_16,SKU_16_Batch_2,70,25
DC_8,SKU_16,SKU_16_Batch_3,156,25
DC_8,SKU_16,SKU_16_Batch_4,385,17
DC_8,SKU_17,SKU_17_Batch_1,173,17
DC_8,SKU_17,SKU_17_Batch_2,330,6
DC_8,SKU_17,SKU_17_Batch_3,252,21
DC_8,SKU_17,SKU_17_Batch_4,320,6
DC_8,SKU_17,SKU_17_Batch_5,326,15
DC_8,SKU_18,SKU_18_Batch_1,339,16
DC_8,SKU_18,SKU_18_Batch_2,430,6
DC_8,SKU_18,SKU_18_Batch_3,422,22
DC_8,SKU_19,SKU_19_Batch_1,206,17
DC_8,SKU_19,SKU_19_Batch_2,205,5
DC_8,SKU_19,SKU_19_Batch_3,185,18
DC_8,SKU_20,SKU_20_Batch_1,469,20
DC_8,SKU_20,SKU_20_Batch_2,51,19
DC_8,SKU_21,SKU_21_Batch_1,181,28
DC_8,SKU_21,SKU_21_Batch_2,394,13
DC_8,SKU_21,SKU_21_Batch_3,312,14
DC_8,SKU_21,SKU_21_Batch_4,123,9
DC_8,SKU_21,SKU_21_Batch_5,446,9
DC_8,SKU_22,SKU_22_Batch_1,475,12
DC_8,SKU_23,SKU_23_Batch_1,133,6
DC_8,SKU_23,SKU_23_Batch_2,423,9
DC_8,SKU_23,SKU_23_Batch_3,359,3
DC_8,SKU_23,SKU_23_Batch_4,221,26
DC_8,SKU_24,SKU_24_Batch_1,411,17
DC_8,SKU_24,SKU_24_Batch_2,428,15
DC_8,SKU_24,SKU_24_Batch_3,424,24
DC_8,SKU_24,SKU_24_Batch_4,167,23
DC_8,SKU_24,SKU_24_Batch_5,263,11
DC_8,SKU_25,SKU_25_Batch_1,58,17
DC_8,SKU_25,SKU_25_Batch_2,59,26
DC_8,SKU_26,SKU_26_Batch_1,170,12
DC_8,SKU_26,SKU_26_Batch_2,121,26
DC_8,SKU_27,SKU_27_Batch_1,203,29
DC_8,SKU_28,SKU_28_Batch_1,117,20
DC_8,SKU_28,SKU_28_Batch_2,201,21
DC_8,SKU_28,SKU_28_Batch_3,149,9
DC_8,SKU_28,SKU_28_Batch_4,251,27
DC_8,SKU_28,SKU_28_Batch_5,195,21
DC_8,SKU_29,SKU_29_Batch_1,488,20
DC_8,SKU_29,SKU_29_Batch_2,118,17
DC_8,SKU_29,SKU_29_Batch_3,98,5
DC_8,SKU_29,SKU_29_Batch_4,157,4
DC_8,SKU_30,SKU_30_Batch_1,168,23
DC_8,SKU_31,SKU_31_Batch_1,199,18
DC_8,SKU_32,SKU_32_Batch_1,192,5
DC_8,SKU_32,SKU_32_Batch_2,209,13
DC_8,SKU_32,SKU_32_Batch_3,187,11
DC_8,SKU_32,SKU_32_Batch_4,127,15
DC_8,SKU_32,SKU_32_Batch_5,490,27
DC_8,SKU_33,SKU_33_Batch_1,369,5
DC_8,SKU_33,SKU_33_Batch_2,312,23
DC_8,SKU_34,SKU_34_Batch_1,372,12
DC_8,SKU_34,SKU_34_Batch_2,423,9
DC_8,SKU_35,SKU_35_Batch_1,290,13
DC_8,SKU_36,SKU_36_Batch_1,351,21
DC_8,SKU_36,SKU_36_Batch_2,117,28
DC_8,SKU_36,SKU_36_Batch_3,151,12
DC_8,SKU_36,SKU_36_Batch_4,337,9
DC_8,SKU_37,SKU_37_Batch_1,85,10
DC_8,SKU_37,SKU_37_Batch_2,278,3
DC_8,SKU_37,SKU_37_Batch_3,213,5
DC_8,SKU_37,SKU_37_Batch_4,122,10
DC_8,SKU_37,SKU_37_Batch_5,402,29
DC_8,SKU_38,SKU_38_Batch_1,245,15
DC_8,SKU_39,SKU_39_Batch_1,365,4
DC_8,SKU_40,SKU_40_Batch_1,54,14
DC_8,SKU_40,SKU_40_Batch_2,76,23
DC_8,SKU_40,SKU_40_Batch_3,313,8
DC_8,SKU_40,SKU_40_Batch_4,249,20
DC_8,SKU_41,SKU_41_Batch_1,349,28
DC_8,SKU_41,SKU_41_Batch_2,308,24
DC_8,SKU_41,SKU_41_Batch_3,375,4
DC_8,SKU_42,SKU_42_Batch_1,307,8
DC_8,SKU_42,SKU_42_Batch_2,258,5
DC_8,SKU_42,SKU_42_Batch_3,403,25
DC_8,SKU_42,SKU_42_Batch_4,335,22
DC_8,SKU_43,SKU_43_Batch_1,491,6
DC_8,SKU_43,SKU_43_Batch_2,382,17
DC_8,SKU_43,SKU_43_Batch_3,360,18
DC_8,SKU_43,SKU_43_Batch_4,155,27
DC_8,SKU_44,SKU_44_Batch_1,194,18
DC_8,SKU_44,SKU_44_Batch_2,445,10
DC_8,SKU_44,SKU_44_Batch_3,52,18
DC_8,SKU_44,SKU_44_Batch_4,79,15
DC_8,SKU_45,SKU_45_Batch_1,164,10
DC_8,SKU_45,SKU_45_Batch_2,167,7
DC_8,SKU_45,SKU_45_Batch_3,409,26
DC_8,SKU_45,SKU_45_Batch_4,413,3
DC_8,SKU_46,SKU_46_Batch_1,335,23
DC_8,SKU_47,SKU_47_Batch_1,455,20
DC_8,SKU_47,SKU_47_Batch_2,280,3
DC_8,SKU_47,SKU_47_Batch_3,321,14
DC_8,SKU_47,SKU_47_Batch_4,87,22
DC_8,SKU_48,SKU_48_Batch_1,191,6
DC_8,SKU_48,SKU_48_Batch_2,200,20
DC_8,SKU_49,SKU_49_Batch_1,115,11
DC_8,SKU_49,SKU_49_Batch_2,390,4
DC_8,SKU_49,SKU_49_Batch_3,298,11
DC_8,SKU_49,SKU_49_Batch_4,498,13
DC_8,SKU_49,SKU_49_Batch_5,372,22
DC_8,SKU_50,SKU_50_Batch_1,245,20
DC_8,SKU_50,SKU_50_Batch_2,360,8
DC_9,SKU_1,SKU_1_Batch_1,455,13
DC_9,SKU_1,SKU_1_Batch_2,192,24
DC_9,SKU_1,SKU_1_Batch_3,365,7
DC_9,SKU_2,SKU_2_Batch_1,61,17
DC_9,SKU_2,SKU_2_Batch_2,98,12
DC_9,SKU_2,SKU_2_Batch_3,215,20
DC_9,SKU_2,SKU_2_Batch_4,478,5
DC_9,SKU_3,SKU_3_Batch_1,207,16
DC_9,SKU_3,SKU_3_Batch_2,183,5
DC_9,SKU_4,SKU_4_Batch_1,63,11
DC_9,SKU_4,SKU_4_Batch_2,448,23
DC_9,SKU_4,SKU_4_Batch_3,212,4
DC_9,SKU_4,SKU_4_Batch_4,396,4
DC_9,SKU_5,SKU_5_Batch_1,255,22
DC_9,SKU_5,SKU_5_Batch_2,305,12
DC_9,SKU_5,SKU_5_Batch_3,74,4
DC_9,SKU_6,SKU_6_Batch_1,302,24
DC_9,SKU_7,SKU_7_Batch_1,213,16
DC_9,SKU_8,SKU_8_Batch_1,159,18
DC_9,SKU_9,SKU_9_Batch_1,485,5
DC_9,SKU_9,SKU_9_Batch_2,474,8
DC_9,SKU_9,SKU_9_Batch_3,74,15
DC_9,SKU_9,SKU_9_Batch_4,166,4
DC_9,SKU_9,SKU_9_Batch_5,441,23
DC_9,SKU_10,SKU_10_Batch_1,74,17
DC_9,SKU_10,SKU_10_Batch_2,117,15
DC_9,SKU_11,SKU_11_Batch_1,61,15
DC_9,SKU_11,SKU_11_Batch_2,80,16
DC_9,SKU_11,SKU_11_Batch_3,69,20
DC_9,SKU_11,SKU_11_Batch_4,365,8
DC_9,SKU_12,SKU_12_Batch_1,92,4
DC_9,SKU_12,SKU_12_Batch_2,109,25
DC_9,SKU_12,SKU_12_Batch_3,336,21
DC_9,SKU_12,SKU_12_Batch_4,54,21
DC_9,SKU_12,SKU_12_Batch_5,467,12
DC_9,SKU_13,SKU_13_Batch_1,179,13
DC_9,SKU_14,SKU_14_Batch_1,302,26
DC_9,SKU_14,SKU_14_Batch_2,132,11
DC_9,SKU_15,SKU_15_Batch_1,198,11
DC_9,SKU_15,SKU_15_Batch_2,205,16
DC_9,SKU_15,SKU_15_Batch_3,420,9
DC_9,SKU_16,SKU_16_Batch_1,146,6
DC_9,SKU_16,SKU_16_Batch_2,309,9
DC_9,SKU_16,SKU_16_Batch_3,89,19
DC_9,SKU_16,SKU_16_Batch_4,150,9
DC_9,SKU_17,SKU_17_Batch_1,357,22
DC_9,SKU_17,SKU_17_Batch_2,469,8
DC_9,SKU_17,SKU_17_Batch_3,280,20
DC_9,SKU_17,SKU_17_Batch_4,112,7
DC_9,SKU_18,SKU_18_Batch_1,240,5
DC_9,SKU_18,SKU_18_Batch_2,56,29
DC_9,SKU_18,SKU_18_Batch_3,141,24
DC_9,SKU_18,SKU_18_Batch_4,63,9
DC_9,SKU_19,SKU_19_Batch_1,135,7
DC_9,SKU_19,SKU_19_Batch_2,232,4
DC_9,SKU_19,SKU_19_Batch_3,111,29
DC_9,SKU_19,SKU_19_Batch_4,454,24
DC_9,SKU_19,SKU_19_Batch_5,279,17
DC_9,SKU_20,SKU_20_Batch_1,187,25
DC_9,SKU_20,SKU_20_Batch_2,363,26
DC_9,SKU_20,SKU_20_Batch_3,472,7
DC_9,SKU_20,SKU_20_Batch_4,114,15
DC_9,SKU_20,SKU_20_Batch_5,262,28
DC_9,SKU_21,SKU_21_Batch_1,262,23
DC_9,SKU_21,SKU_21_Batch_2,387,7
DC_9,SKU_22,SKU_22_Batch_1,209,6
DC_9,SKU_22,SKU_22_Batch_2,237,13
DC_9,SKU_22,SKU_22_Batch_3,240,23
DC_9,SKU_22,SKU_22_Batch_4,357,25
DC_9,SKU_22,SKU_22_Batch_5,166,28
DC_9,SKU_23,SKU_23_Batch_1,83,22
DC_9,SKU_23,SKU_23_Batch_2,161,20
DC_9,SKU_23,SKU_23_Batch_3,281,5
DC_9,SKU_23,SKU_23_Batch_4,282,22
DC_9,SKU_24,SKU_24_Batch_1,471,12
DC_9,SKU_24,SKU_24_Batch_2,70,12
DC_9,SKU_24,SKU_24_Batch_3,446,19
DC_9,SKU_24,SKU_24_Batch_4,154,19
DC_9,SKU_24,SKU_24_Batch_5,169,11
DC_9,SKU_25,SKU_25_Batch_1,178,4
DC_9,SKU_26,SKU_26_Batch_1,97,3
DC_9,SKU_26,SKU_26_Batch_2,59,20
DC_9,SKU_26,SKU_26_Batch_3,363,10
DC_9,SKU_26,SKU_26_Batch_4,326,13
DC_9,SKU_27,SKU_27_Batch_1,313,29
DC_9,SKU_27,SKU_27_Batch_2,263,10
DC_9,SKU_28,SKU_28_Batch_1,128,19
DC_9,SKU_29,SKU_29_Batch_1,392,26
DC_9,SKU_29,SKU_29_Batch_2,222,21
DC_9,SKU_29,SKU_29_Batch_3,118,14
DC_9,SKU_29,SKU_29_Batch_4,498,25
DC_9,SKU_30,SKU_30_Batch_1,57,15
DC_9,SKU_30,SKU_30_Batch_2,249,27
DC_9,SKU_30,SKU_30_Batch_3,136,13
DC_9,SKU_30,SKU_30_Batch_4,434,15
DC_9,SKU_30,SKU_30_Batch_5,484,26
DC_9,SKU_31,SKU_31_Batch_1,201,19
DC_9,SKU_31,SKU_31_Batch_2,182,22
DC_9,SKU_31,SKU_31_Batch_3,326,10
DC_9,SKU_32,SKU_32_Batch_1,464,16
DC_9,SKU_32,SKU_32_Batch_2,277,13
DC_9,SKU_33,SKU_33_Batch_1,448,21
DC_9,SKU_33,SKU_33_Batch_2,440,21
DC_9,SKU_33,SKU_33_Batch_3,77,21
DC_9,SKU_33,SKU_33_Batch_4,491,7
DC_9,SKU_34,SKU_34_Batch_1,399,24
DC_9,SKU_34,SKU_34_Batch_2,401,10
DC_9,SKU_34,SKU_34_Batch_3,369,12
DC_9,SKU_34,SKU_34_Batch_4,87,17
DC_9,SKU_34,SKU_34_Batch_5,417,19
DC_9,SKU_35,SKU_35_Batch_1,378,4
DC_9,SKU_36,SKU_36_Batch_1,98,6
DC_9,SKU_36,SKU_36_Batch_2,431,6
DC_9,SKU_37,SKU_37_Batch_1,218,27
DC_9,SKU_38,SKU_38_Batch_1,168,20
DC_9,SKU_38,SKU_38_Batch_2,315,23
DC_9,SKU_39,SKU_39_Batch_1,189,29
DC_9,SKU_39,SKU_39_Batch_2,307,24
DC_9,SKU_39,SKU_39_Batch_3,318,23
DC_9,SKU_39,SKU_39_Batch_4,209,18
DC_9,SKU_40,SKU_40_Batch_1,275,13
DC_9,SKU_40,SKU_40_Batch_2,59,17
DC_9,SKU_40,SKU_40_Batch_3,322,10
DC_9,SKU_40,SKU_40_Batch_4,451,25
DC_9,SKU_41,SKU_41_Batch_1,202,10
DC_9,SKU_42,SKU_42_Batch_1,383,28
DC_9,SKU_42,SKU_42_Batch_2,163,24
DC_9,SKU_42,SKU_42_Batch_3,463,22
DC_9,SKU_43,SKU_43_Batch_1,221,21
DC_9,SKU_43,SKU_43_Batch_2,223,19
DC_9,SKU_43,SKU_43_Batch_3,425,23
DC_9,SKU_43,SKU_43_Batch_4,171,25
DC_9,SKU_43,SKU_43_Batch_5,88,19
DC_9,SKU_44,SKU_44_Batch_1,282,17
DC_9,SKU_44,SKU_44_Batch_2,67,23
DC_9,SKU_44,SKU_44_Batch_3,446,23
DC_9,SKU_44,SKU_44_Batch_4,175,10
DC_9,SKU_45,SKU_45_Batch_1,273,13
DC_9,SKU_45,SKU_45_Batch_2,305,24
DC_9,SKU_45,SKU_45_Batch_3,199,13
DC_9,SKU_45,SKU_45_Batch_4,394,24
DC_9,SKU_46,SKU_46_Batch_1,334,15
DC_9,SKU_46,SKU_46_Batch_2,307,23
DC_9,SKU_46,SKU_46_Batch_3,485,29
DC_9,SKU_46,SKU_46_Batch_4,99,17
DC_9,SKU_47,SKU_47_Batch_1,456,26
DC_9,SKU_47,SKU_47_Batch_2,93,15
DC_9,SKU_47,SKU_47_Batch_3,327,13
DC_9,SKU_48,SKU_48_Batch_1,238,3
DC_9,SKU_48,SKU_48_Batch_2,233,5
DC_9,SKU_48,SKU_48_Batch_3,240,24
DC_9,SKU_48,SKU_48_Batch_4,68,25
DC_9,SKU_48,SKU_48_Batch_5,462,9
DC_9,SKU_49,SKU_49_Batch_1,416,27
DC_9,SKU_49,SKU_49_Batch_2,177,7
DC_9,SKU_49,SKU_49_Batch_3,160,10
DC_9,SKU_49,SKU_49_Batch_4,411,28
DC_9,SKU_50,SKU_50_Batch_1,413,7
DC_10,SKU_1,SKU_1_Batch_1,498,6
DC_10,SKU_1,SKU_1_Batch_2,153,5
DC_10,SKU_1,SKU_1_Batch_3,273,12
DC_10,SKU_2,SKU_2_Batch_1,59,23
DC_10,SKU_2,SKU_2_Batch_2,433,16
DC_10,SKU_3,SKU_3_Batch_1,460,4
DC_10,SKU_3,SKU_3_Batch_2,474,18
DC_10,SKU_3,SKU_3_Batch_3,62,11
DC_10,SKU_4,SKU_4_Batch_1,469,24
DC_10,SKU_4,SKU_4_Batch_2,283,28
DC_10,SKU_4,SKU_4_Batch_3,363,24
DC_10,SKU_4,SKU_4_Batch_4,61,19
DC_10,SKU_5,SKU_5_Batch_1,467,23
DC_10,SKU_6,SKU_6_Batch_1,69,13
DC_10,SKU_7,SKU_7_Batch_1,272,25
DC_10,SKU_7,SKU_7_Batch_2,119,26
DC_10,SKU_7,SKU_7_Batch_3,260,7
DC_10,SKU_8,SKU_8_Batch_1,181,17
DC_10,SKU_8,SKU_8_Batch_2,430,6
DC_10,SKU_9,SKU_9_Batch_1,443,26
DC_10,SKU_9,SKU_9_Batch_2,276,28
DC_10,SKU_9,SKU_9_Batch_3,342,8
DC_10,SKU_9,SKU_9_Batch_4,359,10
DC_10,SKU_10,SKU_10_Batch_1,251,8
DC_10,SKU_10,SKU_10_Batch_2,479,6
DC_10,SKU_10,SKU_10_Batch_3,237,27
DC_10,SKU_10,SKU_10_Batch_4,478,22
DC_10,SKU_10,SKU_10_Batch_5,322,25
DC_10,SKU_11,SKU_11_Batch_1,270,16
DC_10,SKU_11,SKU_11_Batch_2,52,26
DC_10,SKU_11,SKU_11_Batch_3,278,18
DC_10,SKU_11,SKU_11_Batch_4,235,25
DC_10,SKU_12,SKU_12_Batch_1,437,26
DC_10,SKU_12,SKU_12_Batch_2,303,26
DC_10,SKU_12,SKU_12_Batch_3,211,20
DC_10,SKU_12,SKU_12_Batch_4,452,21
DC_10,SKU_13,SKU_13_Batch_1,368,16
DC_10,SKU_14,SKU_14_Batch_1,455,26
DC_10,SKU_14,SKU_14_Batch_2,158,14
DC_10,SKU_14,SKU_14_Batch_3,79,28
DC_10,SKU_15,SKU_15_Batch_1,464,6
DC_10,SKU_15,SKU_15_Batch_2,241,21
DC_10,SKU_15,SKU_15_Batch_3,481,15
DC_10,SKU_15,SKU_15_Batch_4,277,25
DC_10,SKU_15,SKU_15_Batch_5,162,25
DC_10,SKU_16,SKU_16_Batch_1,195,22
DC_10,SKU_17,SKU_17_Batch_1,300,29
DC_10,SKU_18,SKU_18_Batch_1,362,24
DC_10,SKU_18,SKU_18_Batch_2,350,3
DC_10,SKU_18,SKU_18_Batch_3,450,8
DC_10,SKU_19,SKU_19_Batch_1,197,18
DC_10,SKU_19,SKU_19_Batch_2,96,29
DC_10,SKU_19,SKU_19_Batch_3,448,8
DC_10,SKU_19,SKU_19_Batch_4,96,16
DC_10,SKU_20,SKU_20_Batch_1,124,9
DC_10,SKU_20,SKU_20_Batch_2,186,28
DC_10,SKU_20,SKU_20_Batch_3,449,7
DC_10,SKU_20,SKU_20_Batch_4,110,12
DC_10,SKU_21,SKU_21_Batch_1,308,15
DC_10,SKU_21,SKU_21_Batch_2,156,19
DC_10,SKU_22,SKU_22_Batch_1,247,19
DC_10,SKU_22,SKU_22_Batch_2,414,21
DC_10,SKU_22,SKU_22_Batch_3,294,21
DC_10,SKU_22,SKU_22_Batch_4,475,5
DC_10,SKU_22,SKU_22_Batch_5,351,28
DC_10,SKU_23,SKU_23_Batch_1,118,7
DC_10,SKU_23,SKU_23_Batch_2,98,23
DC_10,SKU_23,SKU_23_Batch_3,123,7
DC_10,SKU_24,SKU_24_Batch_1,119,28
DC_10,SKU_24,SKU_24_Batch_2,309,9
DC_10,SKU_24,SKU_24_Batch_3,344,20
DC_10,SKU_24,SKU_24_Batch_4,468,3
DC_10,SKU_25,SKU_25_Batch_1,149,8
DC_10,SKU_26,SKU_26_Batch_1,231,16
DC_10,SKU_27,SKU_27_Batch_1,413,27
DC_10,SKU_27,SKU_27_Batch_2,80,22
DC_10,SKU_27,SKU_27_Batch_3,201,27
DC_10,SKU_27,SKU_27_Batch_4,85,23
DC_10,SKU_28,SKU_28_Batch_1,155,24
DC_10,SKU_28,SKU_28_Batch_2,269,9
DC_10,SKU_28,SKU_28_Batch_3,212,25
DC_10,SKU_28,SKU_28_Batch_4,269,16
DC_10,SKU_29,SKU_29_Batch_1,385,18
DC_10,SKU_29,SKU_29_Batch_2,231,12
DC_10,SKU_30,SKU_30_Batch_1,254,8
DC_10,SKU_31,SKU_31_Batch_1,378,15
DC_10,SKU_31,SKU_31_Batch_2,277,26
DC_10,SKU_31,SKU_31_Batch_3,156,22
DC_10,SKU_31,SKU_31_Batch_4,387,28
DC_10,SKU_32,SKU_32_Batch_1,490,23
DC_10,SKU_32,SKU_32_Batch_2,245,20
DC_10,SKU_32,SKU_32_Batch_3,466,29
DC_10,SKU_33,SKU_33_Batch_1,209,26
DC_10,SKU_33,SKU_33_Batch_2,252,22
DC_10,SKU_34,SKU_34_Batch_1,475,28
DC_10,SKU_34,SKU_34_Batch_2,425,16
DC_10,SKU_34,SKU_34_Batch_3,362,7
DC_10,SKU_34,SKU_34_Batch_4,363,23
DC_10,SKU_34,SKU_34_Batch_5,131,7
DC_10,SKU_35,SKU_35_Batch_1,136,28
DC_10,SKU_35,SKU_35_Batch_2,470,26
DC_10,SKU_35,SKU_35_Batch_3,354,21
DC_10,SKU_36,SKU_36_Batch_1,394,23
DC_10,SKU_36,SKU_36_Batch_2,433,14
DC_10,SKU_36,SKU_36_Batch_3,494,11
DC_10,SKU_37,SKU_37_Batch_1,227,23
DC_10,SKU_38,SKU_38_Batch_1,432,12
DC_10,SKU_38,SKU_38_Batch_2,376,24
DC_10,SKU_38,SKU_38_Batch_3,338,19
DC_10,SKU_38,SKU_38_Batch_4,201,4
DC_10,SKU_39,SKU_39_Batch_1,491,13
DC_10,SKU_39,SKU_39_Batch_2,218,9
DC_10,SKU_39,SKU_39_Batch_3,135,19
DC_10,SKU_39,SKU_39_Batch_4,66,4
DC_10,SKU_40,SKU_40_Batch_1,114,12
DC_10,SKU_40,SKU_40_Batch_2,390,7
DC_10,SKU_41,SKU_41_Batch_1,71,18
DC_10,SKU_41,SKU_41_Batch_2,106,4
DC_10,SKU_42,SKU_42_Batch_1,147,18
DC_10,SKU_42,SKU_42_Batch_2,417,21
DC_10,SKU_43,SKU_43_Batch_1,216,24
DC_10,SKU_43,SKU_43_Batch_2,125,26
DC_10,SKU_43,SKU_43_Batch_3,473,8
DC_10,SKU_43,SKU_43_Batch_4,493,29
DC_10,SKU_43,SKU_43_Batch_5,187,5
DC_10,SKU_44,SKU_44_Batch_1,368,19
DC_10,SKU_44,SKU_44_Batch_2,497,9
DC_10,SKU_44,SKU_44_Batch_3,326,22
DC_10,SKU_45,SKU_45_Batch_1,432,6
DC_10,SKU_45,SKU_45_Batch_2,415,22
DC_10,SKU_46,SKU_46_Batch_1,128,24
DC_10,SKU_46,SKU_46_Batch_2,165,16
DC_10,SKU_46,SKU_46_Batch_3,460,11
DC_10,SKU_46,SKU_46_Batch_4,217,28
DC_10,SKU_46,SKU_46_Batch_5,333,28
DC_10,SKU_47,SKU_47_Batch_1,496,4
DC_10,SKU_48,SKU_48_Batch_1,297,5
DC_10,SKU_49,SKU_49_Batch_1,146,12
DC_10,SKU_49,SKU_49_Batch_2,276,8
DC_10,SKU_49,SKU_49_Batch_3,216,22
DC_10,SKU_49,SKU_49_Batch_4,328,27
DC_10,SKU_50,SKU_50_Batch_1,227,13
DC_10,SKU_50,SKU_50_Batch_2,452,7
DC_10,SKU_50,SKU_50_Batch_3,356,13
